{
    "name": "ddb-game-log",
    "author": "IamWarHead",
    "title": "D&D Beyond Gamelog",
    "description": "D&D Beyond Game log client",
    "version": "0.7.2",
    "download": "https://github.com/IamWarHead/ddb-game-log/releases/download/0.7.2/ddb-game-log.zip",
    "manifest": "https://github.com/IamWarHead/ddb-game-log/releases/latest/download/module.json",
    "url": "https://github.com/IamWarHead/ddb-game-log",
    "minimumCoreVersion": "0.7.6",
    "compatibleCoreVersion": "0.7.9",
    "authors": [
      {
        "name": "IamWarHead",
        "email": "warhead@warhead.hu",
        "url": "http://warhead.hu"
      }
    ],
    "systems": ["dnd5e"],
    "esmodules": ["dist/main.js"],
    "packs": [],
    "socket": true,
    "dependencies": [
        {
          "name": "dice-so-nice",
          "manifest": "https://gitlab.com/riccisi/foundryvtt-dice-so-nice/raw/master/module/module.json"
        }
    ]
  }